AHR+FEV,AHR+ctrl,ATL1+ctrl,BAK1+ctrl,C19orf26+ctrl,CEBPA+ctrl,CEBPE+CEBPA,CEBPE+CNN1,CEBPE+KLF1,CEBPE+ctrl,CITED1+ctrl,CNN1+ctrl,CNNM4+ctrl,CSRNP1+ctrl,DLX2+ctrl,ELMSAN1+ctrl,FEV+ctrl,FOSB+CEBPE,FOSB+OSR2,FOSB+ctrl,FOXA1+FOXF1,FOXA1+ctrl,FOXA3+FOXA1,FOXA3+ctrl,FOXF1+HOXB9,FOXF1+ctrl,FOXO4+ctrl,GLB1L2+ctrl,HES7+ctrl,HK2+ctrl,HNF4A+ctrl,HOXA13+ctrl,HOXB9+ctrl,HOXC13+ctrl,IER5L+ctrl,IGDCC3+ctrl,IKZF3+ctrl,IRF1+ctrl,JUN+CEBPA,JUN+ctrl,KIAA1804+ctrl,KIF18B+ctrl,KLF1+BAK1,KLF1+CEBPA,KLF1+FOXA1,KLF1+MAP2K6,KLF1+TGFBR2,KLF1+ctrl,KMT2A+ctrl,LHX1+ELMSAN1,LHX1+ctrl,LYL1+ctrl,MAML2+ctrl,MAP2K3+ELMSAN1,MAP2K3+IKZF3,MAP2K3+MAP2K6,MAP2K3+SLC38A2,MAP2K3+ctrl,MAP2K6+ELMSAN1,MAP2K6+IKZF3,MAP2K6+ctrl,MAP4K3+ctrl,MAP4K5+ctrl,MAPK1+IKZF3,MAPK1+TGFBR2,MAPK1+ctrl,MEIS1+ctrl,MIDN+ctrl,NIT1+ctrl,OSR2+ctrl,PRDM1+ctrl,PRTG+ctrl,PTPN13+ctrl,PTPN9+ctrl,RREB1+ctrl,RUNX1T1+ctrl,S1PR2+ctrl,SAMD1+TGFBR2,SAMD1+UBASH3B,SAMD1+ctrl,SGK1+S1PR2,SGK1+TBX2,SGK1+TBX3,SGK1+ctrl,SLC38A2+ctrl,SLC4A1+ctrl,SLC6A9+ctrl,STIL+ctrl,TBX2+ctrl,TBX3+ctrl,TGFBR2+C19orf26,TGFBR2+IGDCC3,TGFBR2+PRTG,TGFBR2+ctrl,TMSB4X+BAK1,TMSB4X+ctrl,TP73+ctrl,TSC22D1+ctrl,UBASH3B+OSR2,UBASH3B+ZBTB25,UBASH3B+ctrl,ZBTB1+ctrl,ZBTB25+ctrl,ZC3HAV1+CEBPA,ZC3HAV1+ctrl,ZNF318+ctrl,ctrl
0.011046015,0.0030667298,0.0047166524,0.0029988536,0.001673506,0.013902589,0.01026793,0.004767688,0.0027084732,0.007828818,0.006327457,0.002235344,0.0027691936,0.0016562254,0.0035386258,0.0019271391,0.0041597337,0.012581725,0.00700897,0.0026046657,0.007542968,0.0024741176,0.007991898,0.0035436733,0.009101962,0.0022002251,0.0059894407,0.0025728215,0.017254576,0.0027701268,0.0077184895,0.010250073,0.003959128,0.007208298,0.0057859803,0.0031910418,0.008130191,0.0065395124,0.022135561,0.0059723444,0.0032937226,0.0020099457,0.004685631,0.012457845,0.005135555,0.003749977,0.0041370713,0.0031277868,0.0033286607,0.0057876008,0.0040416513,0.0028838394,0.0017510694,0.004236814,0.006083588,0.0030947344,0.0034374523,0.0024516352,0.0034676439,0.006382231,0.0025398175,0.0029047353,0.0030327928,0.008011217,0.0066623786,0.0065777097,0.002265383,0.0062786867,0.008704491,0.0038077864,0.0077825417,0.0031991887,0.005414789,0.003545013,0.0032669108,0.0023496968,0.0027774416,0.008779005,0.008688642,0.0056498228,0.007814115,0.0071058394,0.0070071123,0.0045668255,0.002621144,0.0042026043,0.003800671,0.0035084165,0.0037825769,0.0035789618,0.0047771237,0.0041451855,0.004491552,0.0019795862,0.0048105,0.0030800444,0.014084296,0.0024957806,0.0025539969,0.0067541394,0.0025695423,0.0031440328,0.0019009241,0.011335056,0.0018320489,0.0019216754,0.0009850108
0.011848956,0.0047137844,0.0073815733,0.003231465,0.004370369,0.0140221715,0.019142827,0.0058127185,0.004997204,0.0061778557,0.0077410843,0.005003206,0.0048160497,0.004502094,0.005295899,0.004555409,0.008067492,0.007460463,0.0044266167,0.004708899,0.0069890693,0.006015516,0.010471853,0.008018053,0.0074266773,0.004908826,0.0072540734,0.0053367577,0.014034397,0.0058368347,0.0102636395,0.010503456,0.005601402,0.00967459,0.006293576,0.0061635077,0.008584506,0.008451234,0.019479945,0.0075698197,0.0046316436,0.005655932,0.0038604366,0.0073499572,0.005043525,0.0041802465,0.004356714,0.004752004,0.0052320827,0.004777457,0.006444796,0.005142248,0.0041770847,0.004398776,0.0069993925,0.0023498498,0.0027206566,0.0043399804,0.0030876135,0.007239971,0.0038520969,0.0043095546,0.00442049,0.00787191,0.0039636386,0.0060057924,0.0050087934,0.007322817,0.010036843,0.0042063664,0.009556501,0.006115375,0.0053441967,0.005074219,0.0056311167,0.0048873127,0.0059066247,0.009946186,0.00737687,0.0070463293,0.0076240865,0.0067653907,0.0061309207,0.0063164644,0.0035193656,0.006672843,0.0041457973,0.005882661,0.0059130546,0.005442075,0.0060983337,0.005829529,0.006576074,0.0038025992,0.0029410212,0.0047941734,0.013542784,0.0046515944,0.0025607927,0.007930182,0.003562275,0.005842801,0.004892659,0.011298956,0.004251856,0.004650228,0.0042906078
0.010430837,0.0031192352,0.004722103,0.002916296,0.0022480784,0.011446514,0.014528908,0.0044775447,0.002335845,0.004372066,0.005485116,0.0030249096,0.0029076168,0.0016064165,0.002860504,0.0019474437,0.0046298592,0.0077270744,0.004331483,0.0019145138,0.0064656395,0.0025026165,0.0076816813,0.0034430472,0.0070906696,0.0022196923,0.0056815287,0.0023981677,0.013538257,0.0027518552,0.0070625916,0.00821539,0.0034589965,0.006255499,0.0068291854,0.0037669376,0.0084740985,0.0070458516,0.019435583,0.00556833,0.0034874342,0.0019210106,0.0041752663,0.0075095687,0.0056827883,0.0037272135,0.0042488794,0.0037517156,0.0037328852,0.0036825968,0.003427464,0.002726859,0.0016789979,0.0036403132,0.0069237337,0.0023571947,0.0021352777,0.002315964,0.002502106,0.0072121737,0.0020353342,0.0026757026,0.0029963942,0.007327535,0.003735279,0.0044795987,0.0021845459,0.005263409,0.008035893,0.0028051576,0.00783051,0.0042021945,0.004999859,0.0036237205,0.0032725378,0.0017179773,0.0034282752,0.009497573,0.0094828475,0.0058424803,0.0073685544,0.007212854,0.0063748797,0.0054445486,0.0019052328,0.0041906475,0.003474878,0.003289859,0.0037125808,0.003275587,0.005768073,0.0048559024,0.006003345,0.0021922453,0.003764797,0.002913071,0.012375494,0.0022089463,0.0013545532,0.007536911,0.003035406,0.003618311,0.0020897835,0.01153406,0.0019299737,0.0019609625,0.00095743814
0.0103167165,0.001867078,0.003578526,0.00043981685,0.0011930558,0.009214474,0.011198591,0.0032074768,0.0019801501,0.0031405226,0.0036382864,0.0018348113,0.0015910806,0.0009269492,0.0020395014,0.00087838544,0.004192811,0.00704876,0.004313556,0.0011992614,0.0050106985,0.0015918385,0.006235584,0.0022566626,0.0055585885,0.00088670326,0.004023482,0.0016536204,0.009934512,0.0016799906,0.0051767225,0.0057462226,0.0020558839,0.0042704768,0.0030843168,0.001981691,0.004988326,0.0050270655,0.016988974,0.003936723,0.0014064197,0.0018091288,0.0022200756,0.0071324985,0.003832172,0.0023421813,0.0027237458,0.0018847715,0.0017236703,0.0029570437,0.0026742537,0.0014557427,0.00076059386,0.0030015865,0.004740765,0.001262876,0.0017719184,0.0011232813,0.001809572,0.0046910876,0.00074492116,0.0011034831,0.0011573811,0.005265662,0.0028649538,0.0031588767,0.0010398951,0.0035215758,0.0066722236,0.0018199303,0.0056123226,0.0028338465,0.002470191,0.001552988,0.002261106,0.0006489675,0.0021859892,0.0070045823,0.005044189,0.0023408572,0.005304291,0.004427837,0.0039766473,0.0028755253,0.0010777325,0.0031263633,0.001643203,0.0018790233,0.002352775,0.002522417,0.004695576,0.0033296794,0.004278887,0.0007468371,0.001769795,0.0013771255,0.009334232,0.0013227245,0.0010165537,0.0053596557,0.0012741035,0.0022694163,0.0013666203,0.009553439,0.0011342389,0.0008939598,0.00021921884
0.0073229307,0.0019429671,0.002864457,0.00040627396,0.0010459974,0.00766937,0.010156972,0.004066839,0.0041601346,0.0030408269,0.0028124857,0.0018349655,0.0015457375,0.0013426438,0.0019093982,0.001023993,0.0035842524,0.0059518022,0.0041168123,0.0015445384,0.003780271,0.0012956102,0.004943004,0.0016157165,0.004233755,0.00079935906,0.003476607,0.0013763357,0.008811658,0.0016783045,0.0046743937,0.004740288,0.0018016527,0.0033358373,0.0026381467,0.0018381114,0.0037217678,0.0046454384,0.015506535,0.0034979875,0.0013322616,0.0014631591,0.0028339624,0.0067562186,0.003920899,0.0028680577,0.00335924,0.0014995587,0.0016767185,0.0036700317,0.0027428642,0.0012175635,0.0009019044,0.0042278925,0.0039140936,0.0015685516,0.0032265135,0.0013067804,0.0030130374,0.0037570987,0.0009327676,0.0010037426,0.0010395268,0.0056715463,0.0031450165,0.0031283775,0.0007737348,0.0032126294,0.00621691,0.0017095639,0.004569205,0.001929913,0.0021440096,0.0014017628,0.001900695,0.00071366195,0.002088104,0.0066145402,0.004105607,0.0022302659,0.004493425,0.003952983,0.0046887984,0.002103126,0.001461331,0.0031232892,0.0017530551,0.0021588337,0.0021936325,0.002763553,0.002533665,0.0035856632,0.0034720283,0.0006164107,0.0020203611,0.001261606,0.006901509,0.0012251887,0.0019202882,0.0034656604,0.000788885,0.0018940216,0.0011788862,0.008529987,0.0012963435,0.0009543378,0.0002720675
0.00773952,0.0019776353,0.0029011646,0.00055569777,0.0010001682,0.009242045,0.015073144,0.0041741845,0.0036581499,0.0036878933,0.0033366855,0.0017677491,0.0014806294,0.0014149523,0.0022871636,0.001027766,0.0038138058,0.0057931268,0.0037659544,0.0016564435,0.0038926038,0.0015718219,0.005058179,0.0020488445,0.004680899,0.0011233513,0.0038500668,0.0015375004,0.010071992,0.0016271091,0.0049286215,0.0051627248,0.002167366,0.0037750925,0.00290834,0.0017917955,0.0037529303,0.0047155167,0.015979633,0.0039083064,0.0013468966,0.0015677942,0.0019764544,0.0058521866,0.0029748732,0.0021301724,0.0019054438,0.001584362,0.0017809209,0.003129956,0.0034828668,0.001277378,0.00093854347,0.003112174,0.003100781,0.0011863501,0.00177251,0.0012613253,0.0018682018,0.0030876817,0.00093727733,0.0013097898,0.0012708294,0.004495194,0.002475004,0.0030979142,0.0010525525,0.0035245437,0.0069599636,0.0019412828,0.0047888467,0.0020367543,0.002595918,0.0014345759,0.0018214678,0.0007714843,0.0020302394,0.0055440916,0.0036327401,0.0020850184,0.0040765745,0.0037493869,0.0037659307,0.0023711137,0.0011594618,0.0033195212,0.0015716942,0.0020790587,0.0022878323,0.002900525,0.0022284926,0.0021997672,0.002496471,0.0005403714,0.001824096,0.0014173266,0.0070023458,0.0013394944,0.0011800233,0.0034548286,0.000732977,0.0019367243,0.0011885745,0.009975599,0.0015643138,0.0011525768,0.00021828772
0.0074955113,0.0017325932,0.002873737,0.00036057486,0.00086477963,0.006485684,0.006069005,0.002912372,0.0018975541,0.0024130996,0.0028250562,0.0016657105,0.0014832084,0.0008770081,0.0018173828,0.0007123161,0.0036292437,0.0055934,0.0030563804,0.0010903152,0.0036451295,0.0012694974,0.0046292213,0.0017604874,0.004169522,0.00073448726,0.0035025605,0.0013844531,0.008636378,0.0014507142,0.0045997757,0.004630685,0.0017441126,0.0033697388,0.003602303,0.0018101141,0.0036300481,0.004758468,0.0137216505,0.0033882412,0.0015693293,0.0014162499,0.0018464,0.005082506,0.003019591,0.0019788793,0.0018235747,0.0013796919,0.0015658843,0.0025473724,0.0023613917,0.0011703589,0.00069810415,0.0028095974,0.0029215955,0.0012268107,0.0015602846,0.0010216808,0.0017255221,0.0029256376,0.0006911972,0.0009369542,0.00097237964,0.004227663,0.0025077916,0.0028571845,0.0007698136,0.0029498513,0.0061930525,0.0016115583,0.0045449403,0.002227211,0.0021528103,0.0013777013,0.0017784524,0.00048407374,0.001926803,0.005255104,0.0035765383,0.0017956145,0.0038302415,0.0034454658,0.0032360035,0.0023681042,0.0010331527,0.0029179547,0.0015560682,0.0015975962,0.0022047726,0.0020413364,0.0024440112,0.0020377878,0.0024548334,0.000543139,0.0016419973,0.0012291119,0.006718924,0.0011574518,0.00091277814,0.0035794838,0.0009072495,0.0019231626,0.0011044464,0.0073298197,0.0010923777,0.000780572,2.2248581e-05
0.007497056,0.0016173318,0.0027898452,0.0003147304,0.00078088994,0.006444438,0.0063559655,0.0031467958,0.0022281748,0.002205185,0.0027115287,0.0015881069,0.0014029017,0.0008804293,0.0017056204,0.00072159036,0.0035781052,0.005133783,0.0028736927,0.0010107057,0.003674217,0.0011386244,0.0047467127,0.0015617593,0.0041515394,0.0006483176,0.0033740425,0.0012831489,0.008483113,0.0013794502,0.004438858,0.004528848,0.001657365,0.003261892,0.003153104,0.0016670257,0.003595102,0.004618444,0.013393654,0.003304177,0.0014232965,0.0013672642,0.0018555637,0.004880196,0.0029449742,0.002044622,0.001826283,0.0013675191,0.0015406044,0.0026400026,0.0023353968,0.0010759329,0.0006971505,0.002897329,0.0030777284,0.0011780909,0.0015941246,0.001032124,0.0017687138,0.0030729389,0.0007015792,0.0008951336,0.0009284324,0.00430863,0.0023940594,0.002800016,0.00070127466,0.002922154,0.006158814,0.0015395646,0.004540594,0.001966816,0.002089984,0.0012941154,0.0016984199,0.00047225071,0.0018634085,0.005439969,0.0036107304,0.0017752855,0.0038979033,0.003580108,0.0034285986,0.0021966558,0.0009853631,0.0028750254,0.0014669149,0.0015313914,0.0021161302,0.002282248,0.002255273,0.0021349615,0.002510719,0.00049325125,0.0014521298,0.0011741744,0.0067170635,0.0010407189,0.0008912914,0.0036979034,0.0007439655,0.0018343248,0.0010700884,0.0073032477,0.001106458,0.00076199125,6.2977146e-05
0.0073078065,0.0015999606,0.0027219518,0.0003202069,0.00076805224,0.006337581,0.0066734836,0.00298962,0.00210231,0.0021896488,0.0026978906,0.0015554365,0.0013924104,0.0008916907,0.0017119924,0.0007168824,0.0035216594,0.0050303307,0.002881784,0.0010117036,0.003530561,0.0011284966,0.004591168,0.0015470709,0.004048972,0.0006410135,0.0033598267,0.001278977,0.008472607,0.0013720026,0.0044161137,0.0044845515,0.0016454746,0.0032274118,0.0030216645,0.0016205626,0.0034985754,0.004613826,0.013272816,0.0033064543,0.0013785678,0.0013566415,0.0018484892,0.004822222,0.0028748496,0.002038165,0.0018043617,0.0013550619,0.0015181551,0.002506869,0.0023370937,0.0010693434,0.0007053684,0.002946183,0.0029411206,0.0011511762,0.0016333398,0.0010435572,0.0017707647,0.0029173996,0.00071267015,0.0008947689,0.0009275895,0.0042162132,0.002397767,0.0027921454,0.0006916549,0.0028944726,0.0061516957,0.0015327994,0.0044506574,0.0019001138,0.0020771422,0.0012845881,0.0016865468,0.00046232177,0.0018437796,0.005308837,0.003556714,0.0017560698,0.0038246985,0.0034541455,0.0032797738,0.0021706237,0.0009818358,0.0028689236,0.0014557806,0.001530182,0.0021027776,0.002270229,0.002196927,0.0020546098,0.0024309112,0.0004891393,0.0014553401,0.0011717541,0.0065640667,0.0010400913,0.0008882429,0.0035354933,0.0007302914,0.001794119,0.0010462208,0.007326656,0.0011197346,0.0007529203,9.631938e-05
0.007295403,0.0016347609,0.002765326,0.0003300499,0.0007960455,0.0065354267,0.007870313,0.0031077322,0.0020303389,0.0021091772,0.0027511278,0.0015954785,0.0014444306,0.0008706049,0.0017614325,0.0007115395,0.0035503367,0.0047674403,0.0027287428,0.000987839,0.0036659052,0.0011706227,0.0047767856,0.0016105424,0.0042443275,0.00068123563,0.0034236817,0.001321742,0.0086684935,0.0014186489,0.004471201,0.0046037845,0.0016944184,0.003340901,0.003377693,0.0017087593,0.0035065992,0.004699264,0.013485087,0.0034112888,0.001495505,0.0014067839,0.0017828244,0.0046730097,0.002895854,0.00196717,0.0017706268,0.0013331634,0.0015601891,0.0025398775,0.002367642,0.001128931,0.0006947977,0.0028566206,0.0028932232,0.001171156,0.0015759065,0.0010213515,0.0017410977,0.0028953895,0.00069401506,0.00092422613,0.0009693784,0.00426447,0.0024238464,0.002773928,0.0007340215,0.0029849175,0.006221966,0.0015562627,0.004471037,0.00197775,0.0021142263,0.0013472555,0.0017236025,0.00047972074,0.0018837616,0.0054155714,0.0035636772,0.0017840724,0.003862321,0.0035733446,0.0034405105,0.0022863,0.0009927766,0.0029083441,0.001522841,0.0015672116,0.0021642477,0.002322653,0.0022465491,0.0020535402,0.0024247144,0.00053268735,0.0014946725,0.0011929442,0.006668221,0.0010889546,0.0008921324,0.0035664588,0.0008093646,0.0018392105,0.0010766223,0.0075304266,0.0011013142,0.00078409986,3.168491e-05
0.0072148927,0.0015968732,0.0026960378,0.000318654,0.0007669905,0.006301247,0.0066726743,0.003003921,0.002137183,0.0021822373,0.0026937334,0.0015308972,0.0013866904,0.00090274634,0.001717792,0.0007126102,0.0035062775,0.0049763927,0.0028184264,0.0010270545,0.0035274343,0.0011270968,0.004577443,0.0015320128,0.004051703,0.00064192334,0.0033466008,0.0012678172,0.0084535815,0.0013610491,0.004387165,0.0044469084,0.0016706459,0.003209166,0.0030999603,0.0015787518,0.003412579,0.004584276,0.01317423,0.0033286733,0.0014031846,0.0013470608,0.0017995003,0.004734001,0.002845277,0.0019851953,0.0017552917,0.0013287789,0.0015275755,0.0025074945,0.0023555155,0.0010555036,0.0007074017,0.0029196774,0.0028862178,0.0011522546,0.0016115973,0.0010482193,0.0017626073,0.0028751062,0.00071941456,0.00090555364,0.00092991476,0.0042336015,0.0023878382,0.002788098,0.00069440884,0.0029076946,0.006156092,0.0015436931,0.0043975883,0.001843124,0.0020692672,0.001267667,0.0016790488,0.00046464943,0.0018229603,0.005330785,0.0034632608,0.0017510557,0.0037903453,0.0034253486,0.0033196104,0.0020978884,0.0009899328,0.0028663687,0.0014396275,0.0015659708,0.0020875575,0.0023439145,0.0021324353,0.002070039,0.0024290693,0.00047951657,0.0014426094,0.0011805193,0.0065236306,0.0010372212,0.00090099865,0.003452563,0.0006988467,0.001755834,0.001040617,0.0072878473,0.0011250452,0.0007629894,7.55276e-05
0.007265462,0.001610034,0.0027217774,0.00031091244,0.0007613854,0.006302429,0.0061220084,0.002921507,0.0020544762,0.0023157771,0.002714165,0.001544799,0.0013962444,0.0008823414,0.0016832533,0.0007046655,0.0035124726,0.005242466,0.0029750867,0.0010533195,0.0034529578,0.0010999292,0.004485492,0.001559039,0.0039605247,0.0006347444,0.0033038815,0.0012736628,0.008481765,0.0013575526,0.004425013,0.0044700974,0.0016161924,0.0032040984,0.0031492119,0.001621386,0.0035373832,0.0046127057,0.013352275,0.0032577685,0.0014124624,0.0013501643,0.0017973691,0.004912297,0.0028460335,0.001969841,0.0017630097,0.00133958,0.0015165035,0.0024693224,0.0023002084,0.0010555367,0.0006954326,0.002906119,0.0029107437,0.001161936,0.0016205923,0.0010545526,0.0017616691,0.0028877328,0.00071554736,0.0008779476,0.0009052188,0.004177544,0.0024396183,0.0028221896,0.00068782934,0.0028699054,0.0061281365,0.0015358062,0.004426666,0.0019033711,0.0020750815,0.0012773256,0.0016911547,0.0004451643,0.0018352077,0.0052477294,0.0035010683,0.0017402556,0.0037766972,0.0033865254,0.0032328246,0.0021801805,0.0009782529,0.0028297072,0.0014630398,0.0015249555,0.0020782538,0.0021132524,0.0021241168,0.002021563,0.0023885206,0.00048186563,0.0014561628,0.0011712909,0.0065716496,0.001041462,0.00092196994,0.0034573767,0.0007169706,0.0017843803,0.001035946,0.0072613587,0.0010963293,0.0007421447,7.019037e-05
0.0071984185,0.00159664,0.0027033861,0.00031297008,0.00076002657,0.0062985728,0.006679508,0.0029760506,0.0021298106,0.0021815014,0.0026850647,0.0015332957,0.0013918114,0.0008851093,0.0016892138,0.0007084007,0.0035076498,0.0049553383,0.0028502017,0.0010148883,0.0034868727,0.001109511,0.0045344112,0.0015299484,0.0039952192,0.0006341588,0.0033358892,0.0012673402,0.008438706,0.001356113,0.0043906732,0.004439538,0.0016309356,0.0032000488,0.0030727892,0.0015975268,0.003447242,0.004599256,0.013200876,0.0032923238,0.0013984946,0.0013480979,0.0017930961,0.0047674207,0.0028412596,0.001965484,0.0017492184,0.0013386088,0.0015151957,0.0024814894,0.002311809,0.0010543498,0.0006975012,0.0029080422,0.0028703131,0.0011596386,0.0016201218,0.0010473108,0.0017673695,0.0028602455,0.0007137736,0.00088451296,0.0009111436,0.0042257304,0.0023837248,0.0027878545,0.00068966823,0.0028835821,0.0061363075,0.0015306631,0.0044092406,0.0018622888,0.0020696847,0.0012689212,0.0016829405,0.00044910613,0.0018307276,0.0053102276,0.0034681938,0.0017437743,0.0037778616,0.0033919127,0.0033043635,0.0021227105,0.0009815149,0.0028438866,0.001454733,0.0015282874,0.0020798028,0.0022361563,0.0021111441,0.002052812,0.002421738,0.00048302452,0.0014449825,0.0011750223,0.0065281764,0.0010375782,0.00090434717,0.0034074849,0.0007060595,0.0017683791,0.0010323365,0.007310346,0.001103993,0.0007512545,8.043664e-05
0.0071795722,0.0016111641,0.0026977346,0.00031749162,0.0007633722,0.006533726,0.007994296,0.003108043,0.0021543584,0.0022162136,0.0027466507,0.0015260449,0.001392987,0.00088428485,0.0017746345,0.0007039062,0.0035004562,0.0047413837,0.0028068998,0.0010387491,0.0036251731,0.0011582256,0.00467415,0.0015763161,0.004183634,0.0006543409,0.0033899278,0.0012818786,0.008548273,0.0013705009,0.0044204546,0.004499452,0.0017369748,0.0033002228,0.003009991,0.0015962985,0.003371849,0.004606423,0.013541881,0.0034233576,0.0013786957,0.001360979,0.0017582279,0.0047402796,0.0028391923,0.0019378073,0.0017249496,0.0013113624,0.0015205517,0.0025410398,0.0024112978,0.0010665612,0.00069843745,0.0028645294,0.0028132624,0.0011605337,0.0015952683,0.0010325178,0.0017472247,0.002839992,0.00070521765,0.0008997951,0.00093139615,0.0042626257,0.0023902482,0.002774162,0.0007067436,0.0030145375,0.006237364,0.001562223,0.0044164476,0.0018308483,0.0020861893,0.0012752565,0.0016861266,0.00046546018,0.0018191625,0.0053555397,0.0034577653,0.0017817467,0.0038019607,0.003430484,0.0033837787,0.0021346114,0.0009887385,0.0028828625,0.0014581245,0.0016107946,0.002102777,0.0024720596,0.0021238883,0.0020602397,0.0024226608,0.0004895843,0.0014502212,0.0011819388,0.006510164,0.0010432886,0.0009083492,0.0033940442,0.0007118525,0.0017469655,0.0010358476,0.007645184,0.0011121711,0.00076592877,9.7088945e-05
0.007125813,0.0016201416,0.0026923618,0.00031558215,0.0007652884,0.0065149823,0.0076110503,0.0030698166,0.002216391,0.00223759,0.0027279046,0.0015191688,0.0013859771,0.0008945395,0.0017686329,0.00071230985,0.0035178002,0.004758107,0.0028211253,0.0010595262,0.0035518832,0.0011529247,0.004602276,0.00156086,0.004084218,0.0006525865,0.003362475,0.0012736121,0.008511617,0.0013585705,0.004390974,0.0044491556,0.0017337728,0.003253232,0.0030679815,0.0015612748,0.0033379798,0.0045773443,0.013391676,0.0033926002,0.0013900748,0.0013455397,0.0017715319,0.0047196243,0.0028477903,0.0019526371,0.0017178182,0.0013211799,0.0015191172,0.002540187,0.002426923,0.0010517767,0.00070566114,0.0029088962,0.002830168,0.0011596166,0.0016114987,0.0010516946,0.001769674,0.002823872,0.00072016765,0.0008987242,0.00092109427,0.0042793658,0.0023868144,0.0027866855,0.0007097683,0.0029790537,0.006215809,0.0015560043,0.004413641,0.0017990876,0.0020880592,0.0012613778,0.0016905189,0.0004647311,0.001818067,0.005373833,0.003434686,0.0017813834,0.0037882386,0.0034057202,0.0034112493,0.00208729,0.0009893092,0.002872928,0.0014354386,0.0016461211,0.0020817297,0.0024726673,0.0020782675,0.002092285,0.0024523013,0.00047966227,0.0014391145,0.0011880603,0.00648278,0.0010388009,0.0009245884,0.0033470923,0.000688748,0.0017414393,0.0010364786,0.007543792,0.0011179387,0.0007652704,8.761676e-05
0.0072210184,0.0016116987,0.002707595,0.00031397794,0.00076143997,0.0062784706,0.006914027,0.0029664151,0.00206395,0.0021434594,0.0026952575,0.0015249589,0.0014059534,0.0008716619,0.0016929285,0.00069509225,0.0034854459,0.0048921537,0.0028161497,0.001007897,0.0035047971,0.0011077214,0.004557127,0.0015564695,0.004028193,0.0006450226,0.0033401719,0.0012855381,0.008448055,0.0013648317,0.0044133873,0.004470359,0.0016215135,0.0032157842,0.0030870219,0.0016160225,0.0034110323,0.0046302266,0.0131812235,0.0032747914,0.001406942,0.0013617096,0.0017688281,0.0047157644,0.0028365252,0.001940875,0.001730888,0.0012946582,0.0015206493,0.0024822121,0.002303894,0.001067548,0.00068770227,0.0028778235,0.0028098857,0.0011584878,0.0016117409,0.0010337181,0.0017537433,0.0028065478,0.000706777,0.00088204286,0.00090938114,0.0041892515,0.002399399,0.002776997,0.0006939579,0.0028785584,0.006136478,0.001528217,0.0043773483,0.0018844976,0.0020851812,0.0012846595,0.0016886566,0.00045075483,0.0018211852,0.0052794507,0.0034717666,0.0017425576,0.0037693111,0.0034034,0.0032840157,0.0021834804,0.0009783361,0.002850315,0.0014808573,0.0015140811,0.0020859928,0.0021287622,0.0021358924,0.0020208333,0.0023850487,0.00048887177,0.0014547332,0.0011735047,0.0065427404,0.0010520931,0.0008956383,0.0034268443,0.00072606,0.0017673341,0.0010357741,0.0073125367,0.0010890358,0.00074236013,7.501434e-05
0.0071870307,0.001593459,0.0026788735,0.00031310393,0.00076052925,0.006293639,0.006698487,0.0029783351,0.0021402002,0.0021927801,0.0026833902,0.0015156589,0.0013859295,0.0008982377,0.0017050409,0.00070670375,0.0034979596,0.004915315,0.0028511279,0.0010346309,0.0034866072,0.0011109874,0.0045287204,0.0015243021,0.0040061027,0.0006323827,0.0033289513,0.0012590559,0.008443901,0.0013494985,0.004367466,0.0044187424,0.0016572454,0.003185272,0.0029684894,0.0015640365,0.003382894,0.0045765047,0.013177916,0.0033044976,0.0013687903,0.0013367924,0.0017701841,0.00475338,0.0028291342,0.0019576896,0.0017244031,0.0013110425,0.0015102676,0.0024786198,0.0023410253,0.0010415281,0.00070334115,0.0029107728,0.0028327105,0.0011574773,0.0016238366,0.0010512121,0.0017591435,0.002823657,0.00072295277,0.00088601216,0.00090469676,0.0042069037,0.002379139,0.0027957007,0.0006826095,0.0028979806,0.006145473,0.0015419988,0.004383087,0.0018131343,0.002060704,0.001258718,0.0016742295,0.0004564276,0.0018108828,0.0052979155,0.003452241,0.001745382,0.0037655325,0.003386748,0.0033098296,0.0020840585,0.000985527,0.0028518296,0.001437015,0.0015584212,0.0020668888,0.0023220303,0.0020944811,0.0020475371,0.002405411,0.00047468187,0.0014344004,0.0011763,0.006500954,0.0010315038,0.0009088557,0.0033870984,0.00068932574,0.0017381918,0.0010286245,0.0073088026,0.0011166139,0.00074977183,0.00010721283
0.00712496,0.0016041942,0.0026765333,0.0003207858,0.0007633809,0.006636653,0.00878455,0.0031548084,0.0021991867,0.00218474,0.002742302,0.0015154151,0.0013942668,0.0008837235,0.0017699865,0.0007044961,0.0034801972,0.004714338,0.0028138508,0.0010301144,0.0036483442,0.0011550229,0.004704472,0.001569965,0.004231694,0.0006557376,0.0033808881,0.0012838219,0.008591281,0.0013720552,0.0044184304,0.004517017,0.0017262999,0.0033006663,0.0031303235,0.0015877667,0.0032823791,0.0046148933,0.013855989,0.0034151473,0.0014055991,0.0013650323,0.0017477133,0.004745875,0.0028231016,0.0019270697,0.0016998064,0.001300799,0.0015206286,0.0025704612,0.0023958355,0.0010766101,0.0006997362,0.0028784631,0.002759559,0.0011636321,0.0015982963,0.0010316172,0.0017495456,0.0027720076,0.00070480903,0.0009004814,0.00093193573,0.0042871484,0.0024116258,0.002777853,0.00070729665,0.0029939427,0.006238657,0.0015740527,0.0043688747,0.0018133988,0.0020848212,0.0012795818,0.0016802576,0.00046713577,0.0018077303,0.0053749243,0.003422298,0.0017629977,0.0037916088,0.0034278182,0.0034354008,0.0021306938,0.0009917925,0.0028866592,0.0014641857,0.0015916484,0.0021026784,0.0024158317,0.0020871954,0.0020768354,0.0024314637,0.00049233175,0.0014471667,0.0011836024,0.006516753,0.0010477685,0.00091761333,0.0033354142,0.0007139785,0.0017333621,0.0010283353,0.00786467,0.001112269,0.00076578546,7.52922e-05
0.00726238,0.0016128524,0.0027084919,0.0003234753,0.0007704255,0.0062218057,0.0071205054,0.0029913313,0.0020855935,0.0020941647,0.0027443562,0.0015332728,0.0014024151,0.0009000558,0.0017723667,0.0007105288,0.003498196,0.004724137,0.0027091631,0.0010304656,0.003579351,0.0011657198,0.0046210983,0.0015901403,0.0041296314,0.0006667694,0.003403047,0.0012965276,0.008532523,0.0013862296,0.004445795,0.004568529,0.0016941887,0.0032970936,0.0033175421,0.0016300624,0.0033736865,0.00463855,0.01307695,0.0034056443,0.0014708859,0.0013857373,0.0017564691,0.0045400704,0.0028370458,0.001939174,0.0017137909,0.0013213124,0.0015316694,0.002509989,0.0023797895,0.0010884631,0.00070792844,0.0028908795,0.0027691792,0.0011517056,0.0016200923,0.0010456783,0.0017583395,0.00276839,0.0007173469,0.000905635,0.0009417176,0.0041602687,0.0024129222,0.0027685799,0.0007173506,0.0029680375,0.0062241913,0.0015636845,0.0043872506,0.001859944,0.00209528,0.0012968928,0.0016940889,0.00047022032,0.001826264,0.005268099,0.0034783902,0.0017560147,0.0037788383,0.0034397896,0.0032572225,0.0022058105,0.0009978777,0.0028904486,0.0014768752,0.0015761552,0.0021244483,0.0023497734,0.00216973,0.0020201819,0.0023874466,0.0004910239,0.0014534219,0.0011832424,0.006595577,0.0010508429,0.0008986319,0.0034372627,0.0007302676,0.0017580282,0.0010425874,0.007263993,0.0011256753,0.0007721581,3.921096e-05
0.007177027,0.001597773,0.0026958745,0.00031434375,0.0007601345,0.0064291223,0.007629179,0.0030723151,0.0022025732,0.0021626384,0.0027091869,0.0015164189,0.0013882808,0.0008936268,0.0017234016,0.0007044551,0.0034821576,0.0047787684,0.0028329575,0.0010248076,0.003578605,0.0011310189,0.004648971,0.0015437884,0.0041126795,0.0006398868,0.0033575795,0.0012693532,0.008494559,0.0013615559,0.004404283,0.004486743,0.0016775698,0.0032501165,0.0030961481,0.0015808288,0.0033551245,0.004593977,0.013386576,0.0033541613,0.0014038223,0.0013481285,0.0017677865,0.0047382084,0.0028274332,0.0019473624,0.0017149235,0.0013045172,0.0015151539,0.0025386955,0.0023564305,0.0010551206,0.0007013531,0.0029179796,0.0028007615,0.0011510106,0.0016288403,0.0010467862,0.001763629,0.0028077795,0.0007178435,0.00089047285,0.00091443537,0.0042399922,0.0023848435,0.0027826785,0.0006918937,0.0029469458,0.006183305,0.0015445724,0.0043839524,0.0018319045,0.0020731569,0.0012682264,0.0016771407,0.00045836353,0.0018138649,0.005358638,0.0034563162,0.0017528281,0.0037954724,0.0034331493,0.0033942435,0.0021042444,0.0009869884,0.0028666218,0.0014474032,0.0015632957,0.002083086,0.0023403703,0.0021003638,0.002077988,0.0024346183,0.0004795041,0.001437088,0.0011757775,0.0065291487,0.0010377744,0.00092247553,0.00338415,0.00069992256,0.001742987,0.0010293915,0.0076315473,0.0011165886,0.00075349945,7.532268e-05
0.0072145252,0.0016070554,0.0026899846,0.000313662,0.0007599018,0.006211372,0.0062929266,0.0029178208,0.0020127487,0.0022054617,0.0026975367,0.0015200747,0.0014052353,0.0008673615,0.0016872857,0.0006919854,0.0034749361,0.0051065655,0.0029019488,0.0010264311,0.003460899,0.0010968777,0.0044841757,0.0015576137,0.003977899,0.00064578553,0.003330491,0.0012890957,0.008450788,0.0013651774,0.004418493,0.004460236,0.0016195042,0.0031941761,0.0032363208,0.0016118669,0.0033876346,0.0046285316,0.013156595,0.0032557468,0.0014591551,0.0013602333,0.0017455223,0.004753436,0.0028224804,0.0019135437,0.0017089321,0.001294113,0.001518131,0.002477639,0.002299679,0.0010631771,0.00068870204,0.0028627408,0.0027716516,0.0011788467,0.0016012959,0.0010427727,0.001749392,0.0027577768,0.0007138021,0.0008749797,0.00090074766,0.0041199825,0.002453599,0.0028080617,0.0006924408,0.0028703308,0.006129709,0.0015339514,0.0043570804,0.0018599764,0.0020854846,0.0012819233,0.0016797881,0.00045171616,0.0018145534,0.005203532,0.0034588766,0.0017251302,0.0037450816,0.0033713465,0.0032334104,0.0021662468,0.0009783355,0.0028296248,0.0014793794,0.0015093321,0.0020808557,0.00211177,0.0021367015,0.0019921535,0.0023511471,0.00048505826,0.0014854835,0.0011713929,0.00653499,0.0010546632,0.00093003066,0.003426163,0.00072196766,0.0017537436,0.0010279526,0.007187154,0.0010827313,0.00073568476,4.7209378e-05
0.0072212694,0.0015947947,0.0027044755,0.00031697663,0.00076524005,0.0062855785,0.0066413986,0.0029684645,0.0021158943,0.0021560395,0.0026987314,0.0015306567,0.0013915369,0.0008993027,0.0017178,0.0007085222,0.0034960383,0.004901829,0.002821687,0.0010193177,0.003523815,0.0011304746,0.0045649502,0.0015431179,0.004023976,0.00064228487,0.0033580004,0.0012730636,0.008450729,0.0013645085,0.004400961,0.004466807,0.0016510539,0.0032217596,0.003058829,0.0016035188,0.0034176742,0.0045967107,0.013159512,0.0033280388,0.0013869158,0.0013544131,0.001782539,0.0047012013,0.0028312507,0.0019641446,0.0017378845,0.0013259995,0.0015179112,0.0024867125,0.0023359442,0.0010600567,0.00070475496,0.0029198744,0.002842892,0.0011517933,0.0016292525,0.0010509791,0.0017602647,0.0028349792,0.00072115415,0.0008949157,0.0009200949,0.004188213,0.0023831192,0.002783576,0.00069485034,0.002905087,0.0061588534,0.0015395546,0.0044011236,0.0018466963,0.0020711666,0.0012738944,0.0016809655,0.0004591691,0.001824677,0.0052959374,0.0034757995,0.0017488451,0.003779124,0.003416682,0.003320218,0.002123863,0.0009893188,0.002865109,0.0014463416,0.0015449161,0.0020918117,0.0023138595,0.002127978,0.002045279,0.0024052765,0.00047988503,0.0014385999,0.0011761681,0.006548203,0.0010395346,0.00090167724,0.003422694,0.0007062144,0.0017546755,0.0010374023,0.007285545,0.0011217229,0.0007584267,8.785804e-05
