AHR+FEV,AHR+ctrl,ATL1+ctrl,BAK1+ctrl,BCORL1+ctrl,C19orf26+ctrl,CBFA2T3+ctrl,CBL+CNN1,CBL+UBASH3A,CBL+UBASH3B,CBL+ctrl,CDKN1C+ctrl,CEBPA+ctrl,CELF2+ctrl,CITED1+ctrl,CKS1B+ctrl,CNN1+MAPK1,CNN1+ctrl,CNNM4+ctrl,COL1A1+ctrl,COL2A1+ctrl,CSRNP1+ctrl,DLX2+ctrl,DUSP9+ETS2,DUSP9+KLF1,DUSP9+PRTG,DUSP9+ctrl,EGR1+ctrl,ELMSAN1+ctrl,ETS2+IKZF3,ETS2+ctrl,FEV+ctrl,FOSB+IKZF3,FOSB+OSR2,FOSB+UBASH3B,FOSB+ctrl,FOXA1+FOXF1,FOXA1+HOXB9,FOXA1+ctrl,FOXA3+FOXF1,FOXA3+HOXB9,FOXA3+ctrl,FOXF1+HOXB9,FOXF1+ctrl,FOXO4+ctrl,GLB1L2+ctrl,HES7+ctrl,HK2+ctrl,HNF4A+ctrl,HOXB9+ctrl,HOXC13+ctrl,IER5L+ctrl,IGDCC3+MAPK1,IGDCC3+PRTG,IGDCC3+ZBTB25,IGDCC3+ctrl,IKZF3+ctrl,IRF1+SET,IRF1+ctrl,ISL2+ctrl,JUN+CEBPA,JUN+ctrl,KIAA1804+ctrl,KIF18B+KIF2C,KIF18B+ctrl,KIF2C+ctrl,KLF1+BAK1,KLF1+CEBPA,KLF1+FOXA1,KLF1+MAP2K6,KLF1+TGFBR2,KLF1+ctrl,KMT2A+ctrl,LHX1+ELMSAN1,LHX1+ctrl,LYL1+IER5L,LYL1+ctrl,MAML2+ctrl,MAP2K3+ELMSAN1,MAP2K3+IKZF3,MAP2K3+MAP2K6,MAP2K3+ctrl,MAP2K6+IKZF3,MAP2K6+ctrl,MAP4K3+ctrl,MAP4K5+ctrl,MAPK1+IKZF3,MAPK1+TGFBR2,MAPK1+ctrl,MEIS1+ctrl,MIDN+ctrl,NCL+ctrl,NIT1+ctrl,OSR2+ctrl,PRDM1+CBFA2T3,PRDM1+ctrl,PRTG+ctrl,PTPN13+ctrl,PTPN9+ctrl,RREB1+ctrl,RUNX1T1+ctrl,S1PR2+ctrl,SET+ctrl,SGK1+S1PR2,SGK1+ctrl,SLC4A1+ctrl,SLC6A9+ctrl,SNAI1+UBASH3B,SNAI1+ctrl,STIL+ctrl,TBX2+ctrl,TBX3+TBX2,TBX3+ctrl,TGFBR2+IGDCC3,TGFBR2+PRTG,TGFBR2+ctrl,TMSB4X+BAK1,TMSB4X+ctrl,TP73+ctrl,TSC22D1+ctrl,UBASH3A+ctrl,UBASH3B+CNN1,UBASH3B+OSR2,UBASH3B+PTPN9,UBASH3B+UBASH3A,UBASH3B+ZBTB25,UBASH3B+ctrl,ZBTB1+ctrl,ZBTB10+DLX2,ZBTB10+ELMSAN1,ZBTB10+SNAI1,ZBTB10+ctrl,ZBTB25+ctrl,ZC3HAV1+CEBPA,ZC3HAV1+HOXC13,ZC3HAV1+ctrl,ZNF318+ctrl,ctrl
0.0023605458,0.0010119491,0.0012232229,0.0012316245,0.0011382146,0.0009847374,0.0010872616,0.0017216909,0.0016602813,0.001372125,0.0011143658,0.0013239285,0.0040015713,0.0011821354,0.0012318796,0.0012496779,0.0008477932,0.0012410365,0.0012201391,0.0018040171,0.0017334089,0.0016849763,0.0012273866,0.0010424852,0.0017660878,0.0014872552,0.0013876124,0.00096325134,0.0015199665,0.0014403469,0.0013879599,0.0018842947,0.0014010579,0.0014725496,0.0007840421,0.0012377774,0.001046404,0.0012766845,0.00094144634,0.0012098461,0.0014174043,0.00088678586,0.0012322047,0.0010842098,0.0015908581,0.0010410249,0.00254551,0.0010842689,0.0016165618,0.0008609226,0.0010705877,0.00096338923,0.0009635465,0.0015160223,0.0016977796,0.0011951706,0.0015182609,0.0023640678,0.001729244,0.0011753043,0.005765466,0.0011937128,0.0013114272,0.0010292332,0.0010099751,0.0010928585,0.0011613207,0.0030354275,0.0012634908,0.0016000586,0.0015012507,0.0016908637,0.0010893316,0.0008206856,0.0012593481,0.0010648816,0.0010997858,0.0015679683,0.0017703604,0.0014987618,0.0011533524,0.0020391569,0.0014429124,0.0017866858,0.0010943047,0.0010078915,0.001290971,0.00088453386,0.0015553588,0.000950514,0.0010741071,0.0013240706,0.001998828,0.0013577072,0.002211439,0.0016929973,0.00097497297,0.0010831658,0.0010358922,0.0011839427,0.0012148698,0.000979712,0.0015238267,0.0011848711,0.0009529989,0.0015179778,0.0010850314,0.00093676714,0.0011535971,0.001027196,0.0011633264,0.000948025,0.0012311277,0.0011869468,0.0010483558,0.001269159,0.000600418,0.0012061141,0.002324895,0.0010559274,0.0010805647,0.0017563057,0.0006213337,0.001174868,0.00087329675,0.0012892965,0.0009290383,0.0010835939,0.0040243114,0.0016665458,0.0028244045,0.0017390586,0.0012479764,0.0034744372,0.00077743694,0.0016192487,0.0011031574,0.0016342361
0.003022743,0.00052706833,0.0012775619,0.00011089326,0.00021592715,0.00020526588,0.00034684787,0.0022750583,0.0014901982,0.0019907083,0.00033871585,0.0009066253,0.0051038703,0.00027766085,0.0009839108,0.0010516029,0.0006492501,0.0005273461,0.00035497552,0.0014978368,0.0010343601,0.00027838117,0.00048764978,0.0007096961,0.0016735878,0.0018883456,0.0010846118,0.00038703263,0.00025819297,0.0020015389,0.00041719177,0.0010655362,0.0013188256,0.0015167537,0.00035225815,0.0003674156,0.0010979,0.0019000467,0.00029596436,0.0012583075,0.0021894292,0.00051679544,0.0014979858,0.00016462224,0.0011801495,0.0003304152,0.0026585588,0.0003212756,0.001536582,0.00046248492,0.0012941466,0.00075631693,0.0005707273,0.0011419385,0.0018777141,0.0006417952,0.002029751,0.00237913,0.0010623676,0.0001689549,0.0070042675,0.0008433572,0.00031247715,0.0007246118,0.00030040237,0.00013781388,0.00058940693,0.0031599053,0.0008091561,0.00075613864,0.0006320561,0.0005716382,0.0003137094,0.000637149,0.00057656184,0.0012517583,0.0002552524,0.00024320523,0.0009683148,0.0014828225,0.00045761245,0.00051066076,0.0015889885,0.00032970848,0.00018698827,0.00022593325,0.0016899676,0.000611606,0.000910019,0.00016947373,0.0010405,0.00030764454,0.001818935,0.0005840329,0.0034551679,0.0017320754,0.0006651809,0.0005034998,0.00035389795,0.0004961633,0.00012510523,0.00058311434,0.0011411739,0.0017312381,0.00079183624,0.0006883489,0.00033336328,0.0008267508,0.00056942605,0.00033549767,0.0005761992,0.00080141856,0.0005027436,0.00072108116,0.0008404616,0.00013568264,0.00036070068,0.00029041545,0.003523617,0.00023167173,0.00013520784,0.0024255125,0.00024736745,0.0014271304,0.0004872581,0.0014383799,0.00023359653,0.00061782193,0.005286116,0.002095081,0.0035785066,0.0018577789,0.00032110358,0.0040159672,0.0006661642,0.00030403922,0.00018474492,3.8243e-05
0.0030095817,0.0005225628,0.0012767464,0.00011357045,0.00021573668,0.00020424648,0.00034342022,0.0022750855,0.0014865883,0.0019876692,0.00034043123,0.0008916074,0.0050828657,0.0002752167,0.0009755525,0.0010503493,0.00064755435,0.00053294544,0.00035645845,0.0014844077,0.0010248723,0.00028183073,0.0004849137,0.0007067633,0.0016768833,0.0018868733,0.0010833584,0.00038450133,0.00026353812,0.0019938736,0.0004145471,0.0010638318,0.0013256061,0.0015097288,0.00035282338,0.00036460793,0.0010861044,0.0018827799,0.0002939713,0.0012457479,0.002169955,0.0005118512,0.0014839488,0.00016424608,0.0011747016,0.00032959218,0.0026393943,0.00032263467,0.0015307511,0.00045782677,0.0012824008,0.00075304037,0.0005684846,0.0011381607,0.0018732768,0.00063993665,0.0020234138,0.0023790724,0.0010607594,0.00016839667,0.0069706654,0.00083844253,0.00031079914,0.0007255784,0.0003004107,0.00013925314,0.00059166015,0.0031408852,0.0008022831,0.00075852795,0.00063272245,0.0005734353,0.00031436488,0.00063673226,0.00057440106,0.0012429425,0.00025653545,0.00024652266,0.00097372313,0.0014891808,0.000461059,0.0005110163,0.0015854248,0.00033297358,0.00018761575,0.00022494483,0.0016825005,0.00060836907,0.0009047327,0.00016896067,0.001030943,0.00030831769,0.0018336627,0.00057641,0.0034376944,0.0017274267,0.00066351495,0.0005009397,0.00035605568,0.00049513025,0.00012595755,0.00058249343,0.0011413072,0.0017160928,0.00078843016,0.000685713,0.0003317396,0.00082429865,0.0005635552,0.00033007088,0.00057713216,0.00079692976,0.00049711077,0.00072041934,0.0008380411,0.00013911756,0.00036183864,0.00029004388,0.0035299133,0.00023082264,0.00013575649,0.002434732,0.00024664155,0.0014268927,0.00048788227,0.0014386083,0.00023734532,0.0006165088,0.0052283946,0.0020773513,0.003558497,0.0018415722,0.00032253278,0.003991402,0.00066671293,0.00030797976,0.00018599133,4.0270912e-05
0.0019514143,0.00044455932,0.00082980504,0.0002682184,0.00036336327,0.00027126638,0.0003882651,0.0013540557,0.0011508431,0.001129606,0.00044866186,0.0006956354,0.0036095837,0.00036776063,0.0007271537,0.0008449761,0.0005976771,0.0006146857,0.0004545985,0.0013834889,0.0010421423,0.0004888443,0.000514582,0.0005545028,0.0012533452,0.0010833184,0.0008304077,0.0003729652,0.00042405294,0.0009982596,0.00049534725,0.0011048642,0.0008085526,0.0015098578,0.00035015203,0.00040989017,0.00078044774,0.001131592,0.00033961498,0.0009207736,0.0012918396,0.0004135779,0.0010407066,0.00024492835,0.0009426715,0.00035654136,0.0020668341,0.00039612222,0.0012207015,0.00041903058,0.00078553846,0.00044736156,0.0005524966,0.0010075556,0.0011692297,0.00051665265,0.0009394786,0.0021208944,0.0010586609,0.00028277357,0.005345354,0.0007158552,0.00041167327,0.0007307781,0.00031837617,0.00021906264,0.0008331847,0.002390942,0.0008056549,0.0009232494,0.0007554228,0.00080513326,0.00043325053,0.00059305574,0.0006163425,0.00074931403,0.00033401087,0.00042828594,0.0010924335,0.0009813079,0.0004936538,0.00074848614,0.00094443164,0.000551698,0.0002918882,0.00030361314,0.0010004328,0.0005981045,0.0009106667,0.0002547601,0.0007468805,0.00043055209,0.0015406734,0.00061725103,0.0018901642,0.0010711703,0.00052328885,0.00050817174,0.00042252117,0.00048067863,0.0002344395,0.00051123096,0.001036728,0.0009495358,0.0005665729,0.0007355873,0.00041693024,0.00069269026,0.0005315929,0.00038352545,0.00056842953,0.00074512034,0.00052838627,0.0005644033,0.00063388847,0.0002646074,0.00047167073,0.00039944242,0.0018471841,0.00031633204,0.00018014133,0.0014996242,0.00030265725,0.00094614126,0.00038090468,0.00093594025,0.00030640082,0.0005172633,0.0040552695,0.0014884652,0.0027136072,0.0013814797,0.00041767434,0.00317559,0.00053150405,0.00049682875,0.00028460493,0.0004414022
0.0018972125,0.00039008242,0.0007505549,0.00013293623,0.00023869293,0.00021000176,0.00032772566,0.0012744317,0.0011120382,0.0010521046,0.00037675016,0.00064659194,0.0035644292,0.00028382314,0.0006856062,0.0008132248,0.0005687863,0.000526425,0.00039707488,0.0013475004,0.0010073008,0.00034268582,0.00047089718,0.00052790844,0.0012221163,0.001037038,0.0007900121,0.0003276446,0.00031109297,0.0009285336,0.00041841945,0.0010182267,0.00075162324,0.0015113478,0.0003249251,0.00035900387,0.0007797167,0.0011378868,0.0002667127,0.00089520443,0.0012833308,0.0003770887,0.0010463066,0.00017469146,0.00089785754,0.0003167702,0.0020366912,0.0003346897,0.0011880333,0.0003589621,0.00077378826,0.00049529533,0.0005273634,0.00096089975,0.001116787,0.00046511134,0.0008388697,0.0021013375,0.0010199138,0.00020586519,0.00525408,0.0006963198,0.000292208,0.0007101021,0.0002836532,0.0001605638,0.0006844588,0.0023166619,0.00074093376,0.0008602562,0.0007182125,0.00068517466,0.00033826326,0.00056742626,0.0005694731,0.0008741899,0.00027451088,0.0002885284,0.0010137263,0.0009313126,0.00046507854,0.00056128606,0.0009019018,0.00038063718,0.00021544383,0.00023799478,0.0009430542,0.0005988168,0.00088784343,0.00017140989,0.00072880846,0.00034167396,0.0015327949,0.0005730144,0.0018212086,0.0009934799,0.0004749645,0.0004618668,0.0003506347,0.0004172179,0.00014727541,0.00046975233,0.0010113253,0.00090721477,0.00053280615,0.00068505894,0.00034225514,0.00066047214,0.0005159807,0.00031285867,0.0005282142,0.0007265588,0.00050681416,0.00054269895,0.00061180355,0.00020816756,0.00037511,0.00031473069,0.0017375902,0.00024391776,0.00014897919,0.0014384441,0.0002744398,0.000892642,0.00036585363,0.00089238177,0.00024608223,0.00045972096,0.004065652,0.0014894156,0.0027098928,0.0013589112,0.00032900856,0.0031293095,0.00051263766,0.00034451176,0.000222087,0.00019346445
0.0019408739,0.0003689692,0.0007519173,0.00011063851,0.00022140016,0.00019609736,0.00032542014,0.0012606691,0.0011084026,0.0010571617,0.00032345127,0.0006481888,0.0036425607,0.00027132296,0.00069051894,0.00081198517,0.00057479163,0.0005040283,0.00037728096,0.0013617569,0.0010068631,0.0002969511,0.0004655006,0.00052134925,0.0012004988,0.0010202285,0.00077716616,0.00031121692,0.00027813192,0.0009301388,0.00041013287,0.000994773,0.00074279733,0.001522798,0.00032956182,0.00036045,0.0007767587,0.0011464936,0.00025515858,0.00091006246,0.001288465,0.00037801763,0.0010479457,0.00016642651,0.00090225437,0.00030042027,0.0020617065,0.00031892024,0.0011928402,0.00035152532,0.00079498376,0.00058451865,0.0005282324,0.0009209698,0.0011238564,0.00045831746,0.00082506594,0.0020996062,0.0010177875,0.00017757388,0.0053055314,0.0007029246,0.0002755966,0.0007149907,0.0002780665,0.00014539756,0.00068562065,0.0023143287,0.0007328445,0.00084443495,0.0006932668,0.00064719305,0.00031676155,0.000567204,0.00055346725,0.0010153351,0.00025703394,0.0002635262,0.0009825091,0.00089869456,0.00044421174,0.00049993605,0.0008724434,0.0003240902,0.00019426463,0.00021922223,0.0009475306,0.0006062784,0.00090241985,0.00016375846,0.00073793344,0.00032694783,0.0015487693,0.00057457894,0.0018372311,0.0009857767,0.00046541437,0.0004476585,0.0003281769,0.0004040595,0.00013087598,0.00045002607,0.0010200538,0.00090075604,0.0005364846,0.0006828688,0.0003215446,0.00065645296,0.00052270223,0.0003007808,0.00052188913,0.0007207695,0.00050826685,0.0005254789,0.0005935499,0.00016303701,0.0003739043,0.00029747636,0.0017836122,0.00023061119,0.00012762408,0.0014196687,0.00026872207,0.00089528394,0.00035428125,0.00088886725,0.00022487296,0.000445605,0.004056363,0.0014849197,0.0026934962,0.001367577,0.00030198827,0.0030825261,0.0005080069,0.0003026971,0.00020239939,0.000101377576
0.0019188737,0.0004907683,0.0007692092,0.00029614862,0.0003621789,0.0003376368,0.00042128962,0.0012885634,0.0011726981,0.0010064844,0.0005240245,0.00068272295,0.0034895071,0.0004033482,0.00072408555,0.0008535075,0.000682782,0.00071432453,0.0005742437,0.0013868291,0.001088023,0.0005593321,0.00056123675,0.0006519687,0.001319101,0.0010946769,0.0008518854,0.00043312454,0.00050766516,0.0010042799,0.00050716905,0.00117018,0.0009118663,0.0014713461,0.0004575525,0.00042155816,0.00076597073,0.0010528618,0.0003827405,0.0009220877,0.0011855527,0.00044215197,0.0010022345,0.00029892742,0.0009290852,0.00041352725,0.0020101026,0.00046768817,0.0012038577,0.00044199533,0.0007424814,0.00042559212,0.00064020744,0.0011693374,0.0011220156,0.00053898926,0.0008854248,0.0021219498,0.0010903957,0.00032844118,0.0052816127,0.0007397669,0.00036847315,0.0008692553,0.0003889977,0.00028806188,0.00095121947,0.0024836215,0.0009285551,0.0011197148,0.000931139,0.00089013914,0.00046993615,0.0006775281,0.0006848715,0.0007397191,0.00040921872,0.0005098413,0.0013131758,0.0011078474,0.0006948161,0.00078702,0.0010578966,0.0005842704,0.00035062857,0.00035773646,0.0010150836,0.0006233164,0.00091284653,0.00030061207,0.0007533692,0.00049605133,0.0015341118,0.00063226547,0.0017318318,0.0010650241,0.0005400003,0.0005771809,0.00046931428,0.0005321086,0.00029138956,0.0005702451,0.0010345646,0.00093675544,0.00056253665,0.00080304546,0.00046699579,0.00077175634,0.00055938784,0.0004497884,0.0006121101,0.00078664126,0.0005266722,0.0006704119,0.00071169494,0.00036507635,0.00054519123,0.0004508404,0.0016643002,0.00036980284,0.00025026983,0.001377599,0.00045723573,0.0009146233,0.0004987676,0.0009245926,0.00039952423,0.0005619625,0.00380822,0.0014573815,0.002590829,0.0013578347,0.0004773006,0.003159413,0.0006177587,0.0005191639,0.00037708494,0.00037606212
0.0018925063,0.0004042028,0.0007356773,0.00016174481,0.00025300024,0.0002334598,0.00034187752,0.001241624,0.001106397,0.0010034099,0.00039599283,0.0006390483,0.0035321794,0.00030794973,0.0006805348,0.00080646866,0.00058455195,0.00058447476,0.00044314325,0.0013492997,0.0010183166,0.00038089856,0.00048171933,0.0005404546,0.0012133162,0.0010201953,0.00078806456,0.00033912194,0.0003447921,0.000929386,0.00042270945,0.0010650527,0.0007802841,0.0015181255,0.00034284516,0.00036019186,0.00075273396,0.001088182,0.0002878544,0.0008919053,0.0012294682,0.00038325335,0.0010122156,0.00019548653,0.0008889751,0.00032063818,0.0020049496,0.00035941188,0.0011701805,0.00036893942,0.0007436993,0.0004905103,0.00053855637,0.0010071517,0.0010875661,0.00047145865,0.0008282575,0.002083993,0.0010241165,0.000212159,0.0052649044,0.00069298357,0.00028941996,0.0007507582,0.00030572127,0.00018647853,0.0007288488,0.0023663626,0.000770748,0.00089245645,0.0007324255,0.0007108433,0.00035404984,0.00057813607,0.000584492,0.0008713797,0.00029653724,0.0003329149,0.0010537546,0.0009648554,0.0004815248,0.0005583481,0.00092524226,0.00039407937,0.00023601613,0.00025417388,0.00094454654,0.00060368556,0.00089041085,0.00019613703,0.0007195197,0.00036995846,0.0015133605,0.000573646,0.0017500558,0.000998782,0.0004763783,0.00048118187,0.00036644522,0.0004391987,0.00017227257,0.00048190786,0.0010016649,0.0008901075,0.00052456453,0.000709829,0.0003624314,0.0006708254,0.00051417045,0.00034422864,0.00053802127,0.0007234559,0.0005006121,0.0005558989,0.0006138748,0.00022189885,0.00040394912,0.0003377685,0.0016809365,0.00026515295,0.0001523362,0.0013722371,0.00029917437,0.0008756131,0.00037768576,0.0008692061,0.00027949864,0.00047802206,0.0039121415,0.0014436148,0.0026176188,0.0013324041,0.00036039946,0.0031336586,0.0005156475,0.00034111622,0.00024851243,0.00019260416
0.0018922337,0.0003920964,0.0007331536,0.00014973583,0.00024378872,0.00022252472,0.00033842344,0.0012437549,0.0011062165,0.001004324,0.0003747679,0.00063650025,0.0035546147,0.00030047222,0.0006821748,0.00080290047,0.00058628566,0.000563717,0.00042407282,0.0013487315,0.0010129184,0.00036102204,0.00047534113,0.0005397064,0.0012122092,0.0010172541,0.00078018196,0.0003286484,0.00033135994,0.0009268449,0.00042060515,0.0010434404,0.00077466376,0.001519587,0.00034281853,0.00036063057,0.00075580104,0.0010905981,0.00027728037,0.00089271116,0.0012249651,0.00037846455,0.0010128367,0.00018674873,0.0008878075,0.000312201,0.0020109548,0.00034565234,0.0011700715,0.0003612344,0.0007511313,0.0004894971,0.0005398991,0.0010007481,0.0010877419,0.0004634462,0.0008169589,0.0020827448,0.00101989,0.00020130597,0.0052733705,0.00069381105,0.00028934592,0.00075186434,0.00029656573,0.00017540342,0.0007336011,0.0023684548,0.0007722051,0.00089521945,0.00073578017,0.0006924158,0.00034308343,0.0005797986,0.0005743969,0.00086942635,0.00028409896,0.00030937232,0.0010588823,0.0009545024,0.0004833491,0.00056614296,0.00091577333,0.0003844543,0.0002251298,0.00024386226,0.0009435383,0.00059989933,0.0008887814,0.00018544949,0.00072024396,0.00035550274,0.001516287,0.00057413144,0.001754431,0.0009851129,0.00046943934,0.0004702503,0.00035379676,0.0004271165,0.00016314868,0.00047049986,0.001000936,0.0008872843,0.00052308117,0.00070001907,0.0003495448,0.0006719486,0.0005140617,0.000331479,0.0005308903,0.0007255464,0.00050277915,0.00055518467,0.0006152756,0.00020719023,0.0004048696,0.00032629908,0.0016849543,0.00025628874,0.0001449173,0.0013692518,0.00030188673,0.0008755514,0.00037929698,0.00087319984,0.00026429055,0.00046704267,0.0039229626,0.0014449703,0.0026244675,0.0013356303,0.00034319103,0.0031378707,0.00051397417,0.00034605773,0.00023455585,0.00019350037
0.0018916203,0.00041625169,0.00074387825,0.00017809452,0.0002668675,0.00024781682,0.00035214704,0.0012539293,0.0011239343,0.0009972253,0.0004152485,0.0006457562,0.0035321657,0.00032278284,0.00068638544,0.00081288506,0.0006086385,0.0006071693,0.000462891,0.001353781,0.0010260128,0.00040198723,0.0004905026,0.0005710589,0.0012446659,0.0010449546,0.000795661,0.00035081155,0.00036699598,0.0009481046,0.00042997382,0.0010776565,0.0008199902,0.0015196311,0.00036978017,0.00036395944,0.0007554964,0.0010701417,0.0003007601,0.00089567545,0.0012001175,0.00039124134,0.0010002627,0.00020766583,0.0008946903,0.00033155328,0.0020032686,0.00037181293,0.0011752333,0.0003785156,0.00074079575,0.00047771932,0.0005609391,0.0010717232,0.0010958437,0.00048097808,0.00083863805,0.002088183,0.0010306799,0.00022494886,0.0052712276,0.00070052984,0.00029634585,0.0007905187,0.00031658154,0.00019958982,0.0007921358,0.0024065103,0.00081956666,0.000953615,0.0007886494,0.00073861086,0.00036941987,0.00060221413,0.0005966375,0.0008496299,0.00031013068,0.000347319,0.0011231009,0.0010101087,0.0005295695,0.00058703544,0.0009657248,0.00041405892,0.00025122392,0.00026844154,0.00096160994,0.00059386896,0.0008880877,0.00020891684,0.00072194,0.00038284497,0.0015153391,0.0005771004,0.0017335645,0.0010110519,0.00048555745,0.00049421145,0.00038142662,0.0004523807,0.0001872778,0.00049497565,0.0010032983,0.0009021723,0.0005283788,0.000718938,0.000376977,0.000700794,0.00051864685,0.00035972067,0.0005475374,0.0007390461,0.0005008574,0.0005910424,0.00064430834,0.00023839927,0.00043888498,0.00035018692,0.0016748529,0.0002813798,0.00016362268,0.0013655697,0.00033867164,0.0008849113,0.00041429268,0.0008879318,0.0002985676,0.0004908553,0.0038690304,0.0014403444,0.0026022957,0.0013466662,0.00037714816,0.0031406626,0.00053981907,0.00036183262,0.0002629643,0.0002141548
0.0018885741,0.00040109173,0.00073664647,0.00016366197,0.00025575428,0.00023393401,0.0003440978,0.0012445172,0.0011132658,0.0010014178,0.0003933746,0.00064043835,0.003541044,0.00030965934,0.0006806514,0.00080726645,0.00059572665,0.0005819507,0.00044067085,0.0013507548,0.0010191611,0.0003806464,0.00048240143,0.0005517538,0.0012245469,0.0010271422,0.0007858335,0.0003378994,0.00034874812,0.00093155284,0.0004250995,0.0010562467,0.0007888947,0.0015176072,0.0003551241,0.00036308644,0.00075267436,0.0010805896,0.00028764489,0.0008939152,0.001213123,0.000383654,0.0010060718,0.00019732995,0.0008908374,0.00032133987,0.002006308,0.00035739926,0.0011726802,0.00036847228,0.00074645766,0.00048372662,0.00054909795,0.0010274779,0.0010908542,0.0004710815,0.0008205925,0.002083976,0.0010246651,0.00021312985,0.005269995,0.0006963899,0.0002931531,0.0007686365,0.00030553425,0.0001868818,0.00076084054,0.00238498,0.0007911763,0.0009236065,0.00075783813,0.00071235,0.00035708206,0.00058926555,0.00058421626,0.000859792,0.00029619932,0.00032882908,0.0010938393,0.00097387476,0.0005096595,0.00058102404,0.0009327192,0.00039667246,0.00023814208,0.00025580305,0.00094846403,0.0005979855,0.00088826905,0.00019621696,0.000720193,0.00036898185,0.0015156114,0.00057625194,0.0017444259,0.0009943851,0.0004769145,0.00048065366,0.00036608602,0.0004376181,0.00017424863,0.0004806397,0.0010021869,0.0008931503,0.00052627025,0.00070965715,0.0003618476,0.000684043,0.00051506015,0.00034426962,0.0005386457,0.0007303241,0.0004999314,0.0005691993,0.00062546256,0.00022126845,0.0004231314,0.00033743423,0.0016981666,0.0002678748,0.00015388327,0.0013678984,0.00031820894,0.0008792414,0.00039488613,0.00087919104,0.00027971127,0.000476085,0.003901354,0.001441306,0.00261432,0.0013342424,0.0003590527,0.0031373503,0.0005257062,0.00035728907,0.000247435,0.00020433187
0.0018904723,0.0004243679,0.0007468126,0.00018447902,0.0002739212,0.00025489653,0.00035741072,0.0012576703,0.0011253562,0.0009977386,0.0004309357,0.00064988894,0.0035107809,0.00032678287,0.00069015747,0.00081725954,0.0006071854,0.00062482274,0.00047356915,0.001355775,0.0010300409,0.00041235363,0.00049463985,0.00057115575,0.0012474844,0.0010499794,0.00080252055,0.0003577762,0.00037613863,0.0009514278,0.0004366999,0.0010883978,0.00082650874,0.001519421,0.00037004187,0.00036969827,0.0007496833,0.001069588,0.0003074529,0.00089568226,0.0011992106,0.00039553797,0.0010003537,0.00021384022,0.00089803466,0.00033715117,0.0020021512,0.0003791499,0.0011785161,0.00038414792,0.00073932356,0.00046281164,0.00055930525,0.0010796249,0.0010973453,0.0004871598,0.00084698864,0.0020852494,0.0010339483,0.0002316022,0.005271443,0.0007032233,0.0003073751,0.0007887192,0.00032220714,0.00020643603,0.0007873183,0.002425957,0.00081806304,0.00094963156,0.00078506675,0.00074760115,0.00037657048,0.0006004072,0.0006025912,0.0008199482,0.0003170027,0.00035682728,0.0011176531,0.0010199113,0.0005256081,0.00061757263,0.00097493874,0.00042996436,0.00025867816,0.0002752756,0.0009635604,0.00059728976,0.0008880704,0.0002154012,0.0007238213,0.00039082972,0.0015162139,0.00058148586,0.0017311104,0.0010235814,0.0004913553,0.00050141587,0.000389788,0.0004605182,0.00019392879,0.0005037679,0.0010053859,0.00090436236,0.0005289057,0.0007249458,0.000384658,0.00070054614,0.0005189741,0.00036997546,0.0005527405,0.00073790166,0.0005006806,0.00059082574,0.00064408313,0.00024658415,0.00043590236,0.00035761824,0.001668701,0.0002873191,0.0001695538,0.001366422,0.00033394757,0.0008859568,0.00041526102,0.00088947633,0.00030903544,0.0004997778,0.0038673354,0.0014399083,0.0026016303,0.0013362083,0.00038811896,0.003141578,0.0005392674,0.00038518582,0.00027098227,0.0002439446
0.0018883704,0.0004059364,0.0007384589,0.0001688577,0.00026040836,0.00023885301,0.00034765791,0.0012474364,0.0011168934,0.0009997361,0.00040151193,0.0006424424,0.0035340863,0.00031386968,0.00068265013,0.00080943335,0.00059933105,0.0005917987,0.00044816892,0.0013518342,0.001023946,0.00038885287,0.0004836274,0.0005575397,0.0012310093,0.001033577,0.00078903785,0.0003423848,0.00035569453,0.0009369681,0.0004314086,0.001063292,0.0008002293,0.0015175797,0.00036032326,0.00036670268,0.0007503517,0.0010769976,0.00029202356,0.0008937802,0.0012085804,0.00038620248,0.0010042938,0.00020103155,0.00089228805,0.00032546968,0.0020049973,0.00036230855,0.0011739203,0.00037204163,0.0007446127,0.00047460775,0.00055074255,0.0010436089,0.0010922928,0.00047449485,0.00082664844,0.0020859665,0.0010268915,0.00021801193,0.005270415,0.0007004948,0.00029902297,0.00077535515,0.00030960978,0.00019205917,0.0007710698,0.002398118,0.00079950923,0.000931833,0.00076712586,0.00072027673,0.00036021863,0.00059285236,0.0005884867,0.0008439537,0.00030100878,0.00033559202,0.0011025068,0.0009878471,0.0005160256,0.00060098874,0.00094549195,0.00041480488,0.00024315041,0.00026112763,0.0009527514,0.00059791835,0.0008882362,0.00020074063,0.0007209584,0.00037455797,0.0015020566,0.00057958707,0.0017392291,0.0010003814,0.00047926893,0.00048543833,0.00037201893,0.00044282584,0.00017938342,0.0004858167,0.0010029611,0.00089623674,0.0005241755,0.00071358844,0.000367167,0.00068910606,0.00051612436,0.0003499323,0.00054197415,0.0007314039,0.0004985403,0.000575361,0.00063074543,0.00022744099,0.00042564608,0.00034279216,0.0016792373,0.00027281936,0.00015796891,0.001366772,0.0003232705,0.0008810594,0.00040104144,0.0008820467,0.0002865302,0.00048142773,0.0038905982,0.0014406149,0.0026100397,0.0013343801,0.0003650249,0.0031388802,0.0005282829,0.00037105402,0.00025297733,0.00022091008
0.0018898422,0.00039750832,0.0007344928,0.00017577388,0.0002628664,0.00023736629,0.00034828606,0.0012388512,0.001136487,0.0010045219,0.00038798456,0.0006395223,0.0035593854,0.0003157404,0.00067937927,0.00080631155,0.00059477944,0.0005745105,0.00044086864,0.0013507486,0.0010226395,0.00039861928,0.0004857232,0.000545428,0.0012129408,0.0010146501,0.0007832518,0.00033781817,0.00036291964,0.0009210012,0.00044301667,0.0010519031,0.00076879445,0.0015137682,0.00035551027,0.00037374636,0.0007511534,0.0010870295,0.00028884356,0.00089263305,0.0012220902,0.00038338895,0.0010084003,0.00020283108,0.00089010794,0.00032399048,0.0020082304,0.0003605028,0.0011721589,0.00036847987,0.0007482427,0.0004698948,0.000549416,0.0009965608,0.0010888326,0.00046928905,0.0008117226,0.0020841185,0.0010267626,0.00022165402,0.0052760127,0.0006964656,0.00030508704,0.00076694763,0.00030888006,0.00019490911,0.0007600743,0.0023605835,0.00078168913,0.0009258581,0.00075318536,0.0007177389,0.0003594562,0.00058845204,0.0005870332,0.00082663214,0.0003003399,0.00034431976,0.001106293,0.00094454107,0.0005254249,0.00063651457,0.0009059426,0.0004470235,0.0002435853,0.00025971024,0.0009415041,0.0005968131,0.0008885249,0.00020026843,0.00071992225,0.0003769371,0.001515456,0.0005862535,0.0017578261,0.0009825698,0.00047424991,0.00048123638,0.00036700905,0.00043624555,0.00018471264,0.00047799168,0.0010036521,0.0008917627,0.00052307383,0.00071551854,0.00036446925,0.00067912287,0.0005159489,0.0003452018,0.0005403734,0.0007315908,0.0005011547,0.000560552,0.0006181352,0.00023293721,0.00042373827,0.00034542903,0.0017006708,0.00027360645,0.00015911176,0.0013736112,0.00032315432,0.0008770249,0.00038833648,0.00087509427,0.00027975166,0.00047258107,0.003921814,0.0014430266,0.0026226384,0.001334463,0.00035820482,0.003138214,0.00052184856,0.00039983663,0.00025279488,0.00023853788
0.001888339,0.0004029257,0.0007382903,0.00015848482,0.00025273018,0.00023185488,0.00034283733,0.0012639591,0.0011154318,0.000996113,0.00039614318,0.00064114603,0.0035306935,0.000306687,0.0006815227,0.00080802257,0.00059431384,0.00058769423,0.0004408339,0.00135067,0.0010176661,0.00037084843,0.00048037674,0.00055405806,0.0012311039,0.0010369233,0.0007884655,0.0003378813,0.00034191218,0.0009403285,0.0004333854,0.0010587083,0.0008052574,0.0015208751,0.00035238377,0.00036774957,0.000750851,0.0010780123,0.00028724148,0.0008932656,0.0012069715,0.00038368758,0.0009951105,0.00019400707,0.00089137256,0.00031977022,0.0020050479,0.0003550938,0.0011733511,0.00036856646,0.0007454145,0.00046839463,0.0005464437,0.0010485845,0.0010923089,0.00047204093,0.0008308285,0.0020850806,0.0010237958,0.00020948451,0.005270171,0.0006964095,0.0003031159,0.0007670299,0.00030381733,0.0001836801,0.0007542549,0.002405459,0.00079416204,0.00091665774,0.00075554353,0.0007082318,0.00035269107,0.000587793,0.0005828641,0.0008327738,0.00029361015,0.00031859087,0.0010799703,0.0009954397,0.00049689907,0.0006075676,0.0009529838,0.00041938026,0.00023505032,0.00025337102,0.00095374486,0.0005999375,0.0008879993,0.0001940513,0.00072053133,0.00036545828,0.0015156451,0.0005805024,0.0017366535,0.0010034445,0.0004770851,0.00048022452,0.0003654874,0.0004405655,0.00016983433,0.00048240286,0.0010022215,0.0008970293,0.0005252243,0.00070713967,0.00036026083,0.00068522856,0.0005149183,0.00034385777,0.0005368641,0.00072850543,0.0004999915,0.00057196367,0.0006280431,0.00021666623,0.0004154112,0.00033480144,0.0016764024,0.0002661254,0.0001519354,0.0013665563,0.00031263637,0.00088052585,0.0003964877,0.0008815862,0.00027979826,0.0004786639,0.0038913242,0.0014406475,0.0026104935,0.0013342359,0.00035908446,0.0031387354,0.00052495376,0.00037749542,0.00024464066,0.00023256702
0.0018878487,0.00041974554,0.00074185594,0.00020202421,0.00028394494,0.0002602957,0.00036347963,0.0012480676,0.0011217853,0.0009985436,0.00042350555,0.0006482197,0.0035270366,0.00033568376,0.0006876886,0.000815522,0.0006113627,0.00061347417,0.00047462093,0.001356411,0.0010356088,0.0004355952,0.0004983433,0.00056815223,0.0012361358,0.0010339645,0.00079783896,0.00035809286,0.00039500362,0.0009361635,0.00044849206,0.0010850076,0.00080158,0.0015069972,0.0003749536,0.00037738943,0.0007494119,0.0010720372,0.0003100315,0.00089518627,0.0012034996,0.00039546174,0.0010001541,0.00022277705,0.0008965094,0.00034147725,0.0020023533,0.00038435395,0.001176679,0.00038417272,0.0007400697,0.00045563027,0.0005649959,0.0010491902,0.0010932246,0.00048479362,0.00082729216,0.0020883419,0.0010377095,0.00024344135,0.0052697863,0.000703706,0.0003132811,0.0007949617,0.00032749653,0.00021725114,0.00080022,0.0024034919,0.0008151756,0.00096555566,0.00079075317,0.0007555267,0.00038407737,0.0006051335,0.0006072265,0.00080942933,0.0003241752,0.00037718163,0.0011524432,0.0009873133,0.00055820047,0.00065112376,0.0009425265,0.0004604475,0.00026810382,0.00028148384,0.0009543878,0.0005970009,0.00088961015,0.00022208206,0.0007227719,0.00040181805,0.0015157358,0.00058834406,0.0017389626,0.0010044668,0.0004889263,0.0005027409,0.00039169882,0.00045897684,0.00020776897,0.000500462,0.0010054784,0.00089713355,0.00052950904,0.00073322735,0.00038877112,0.0006995176,0.00052031764,0.0003701545,0.00055571884,0.0007426435,0.0005042657,0.0005863142,0.0006399315,0.0002595581,0.00044827547,0.00036780056,0.0016799348,0.00029522734,0.00017696396,0.0013660962,0.00034869064,0.000883075,0.00041369745,0.0008848579,0.00030969706,0.0004947589,0.0038797765,0.0014394138,0.0026053146,0.0013331152,0.00038801387,0.0031388272,0.0005395223,0.00041127088,0.0002789132,0.00025930375
0.0018887129,0.00041959056,0.00074352097,0.00018706337,0.00027442168,0.00025399795,0.00035697964,0.0012524783,0.0011229605,0.0009981343,0.00042390646,0.0006479398,0.0035193374,0.00032691634,0.0006878336,0.0008151972,0.0006076339,0.00061593496,0.0004697134,0.0013551106,0.0010299785,0.00041516693,0.0004944644,0.0005682625,0.001241355,0.0010414484,0.00079860055,0.00035520946,0.00037824275,0.00094330224,0.00043429172,0.0010811819,0.00081327197,0.001518246,0.00036921987,0.00036687616,0.0007495496,0.0010783726,0.00030568318,0.0008951525,0.0012016253,0.00039377023,0.0010006002,0.00021396836,0.000896385,0.00033645818,0.0020022749,0.00037702915,0.0011769331,0.00038194322,0.0007401341,0.00047430114,0.0005599787,0.0010630157,0.0010949774,0.00048413404,0.0008363933,0.0020880387,0.001033284,0.00023272619,0.0052699954,0.0007023036,0.00030027598,0.0007894346,0.0003218083,0.00020705584,0.0007986075,0.0024105704,0.0008150942,0.00095311605,0.0007846277,0.0007451117,0.0003758341,0.00060126476,0.0006016624,0.0008394178,0.0003165674,0.00035886245,0.0011244154,0.0010031837,0.00053453114,0.00060253177,0.00095924496,0.0004287772,0.0002584883,0.0002746756,0.00095833663,0.0005992529,0.00088785717,0.00021487642,0.00072559237,0.00039131075,0.0015157047,0.0005794996,0.0017345478,0.0010130771,0.0004884399,0.0004990882,0.00038737932,0.00045702414,0.00019552224,0.00049961614,0.0010049605,0.0009002214,0.00052921614,0.0007251092,0.00038304031,0.00069874275,0.00051889964,0.00036590573,0.0005514447,0.0007385409,0.0005013257,0.000587287,0.0006409584,0.00024564745,0.0004388807,0.0003577841,0.0016734671,0.0002874244,0.0001695079,0.0013681831,0.00033766485,0.00088056934,0.00041301522,0.00088690786,0.0003054782,0.0004949826,0.0038740863,0.0014395509,0.0026035963,0.0013350238,0.00038433107,0.0031399238,0.0005377312,0.00037360325,0.00027060075,0.000225019
0.0018877882,0.00040100896,0.00073769694,0.00015193417,0.00024902535,0.00022897955,0.00034037564,0.0012456973,0.0011120724,0.0009960823,0.00039298867,0.00064031157,0.0035309184,0.00030321977,0.0006806712,0.00080711255,0.00058967597,0.0005837092,0.0004367373,0.0013500492,0.0010155654,0.00036413962,0.00047838545,0.0005492224,0.0012286447,0.001031474,0.0007870548,0.00033571126,0.00033551647,0.0009358246,0.00042112227,0.0010559246,0.00079616526,0.0015213593,0.00034668812,0.00036112496,0.0007517439,0.0010815357,0.00028409524,0.0008927663,0.0012132777,0.00038243606,0.0010083567,0.00019058456,0.0008907237,0.00031946675,0.002005095,0.00035210306,0.001172828,0.00036685204,0.00074578164,0.00048529287,0.0005418873,0.0010348778,0.001090813,0.00047059107,0.00083079626,0.002084147,0.001022163,0.00020546307,0.0052698045,0.0006956155,0.00029224614,0.000758852,0.0003013059,0.0001796742,0.0007417542,0.0023967247,0.00078519067,0.00090401457,0.0007445417,0.00070341857,0.00034946972,0.00058309775,0.0005797628,0.0008625027,0.0002903544,0.0003138966,0.0010624795,0.0009848925,0.00048368605,0.0005665611,0.0009435785,0.00038370298,0.00023102429,0.0002502732,0.00094985444,0.0005990812,0.00088945875,0.00019097188,0.00072012626,0.000361014,0.0015155659,0.0005747103,0.0017393954,0.0009949488,0.00047645986,0.00047781732,0.00036233105,0.00043632922,0.00016507499,0.00048034074,0.0010019748,0.0008940775,0.0005246507,0.0007040431,0.0003573274,0.00067968166,0.00051430694,0.00034108778,0.0005358835,0.0007266097,0.00050051464,0.00056521344,0.00062237855,0.00021144327,0.00040776792,0.00033089006,0.0016771752,0.00026225782,0.00014895931,0.0013669449,0.00030381972,0.00087877177,0.00038963958,0.00087895035,0.0002765198,0.00047677173,0.0039006933,0.0014413293,0.002614257,0.0013339783,0.00035598606,0.0031379529,0.0005181837,0.00034640872,0.00024065505,0.00020157518
0.0018896614,0.00038807042,0.00073374243,0.00014489946,0.00024196813,0.00021945321,0.00033657107,0.0012398224,0.001106665,0.0010070017,0.0003703068,0.00063700275,0.0035602541,0.00029651975,0.0006773904,0.00080350536,0.0005851892,0.0005578446,0.00041883477,0.0013440527,0.0010120048,0.00035208097,0.00047392878,0.00053832575,0.0012116459,0.0010169392,0.0007801194,0.0003259572,0.00032481784,0.0009234636,0.00041713816,0.0010368256,0.00077014964,0.0015169258,0.00034249818,0.00035990524,0.0007542597,0.0010916721,0.0002746293,0.00089332793,0.0012259394,0.00037765794,0.0010140187,0.00018392586,0.0008889364,0.00031102577,0.0020117336,0.00034238983,0.0011721153,0.00035980844,0.00075412943,0.0004993667,0.0005391871,0.0009981368,0.0010889509,0.0004627443,0.0008150288,0.0020840375,0.0010192685,0.00019853793,0.005273476,0.0006940651,0.0002865581,0.0007504296,0.00029437934,0.00017253084,0.0007309943,0.0023655978,0.0007702499,0.0008918085,0.00073183,0.0006855182,0.00034001126,0.00057909504,0.0005717091,0.0008864527,0.00028123567,0.0003033934,0.0010590482,0.0009515674,0.00048145585,0.00055306876,0.0009138035,0.00037151916,0.00022249109,0.00024180835,0.00094032683,0.0006029224,0.00089104916,0.00018272932,0.0007208297,0.00035268656,0.0015180396,0.00057346636,0.0017536936,0.0009832351,0.00046835834,0.00046771116,0.00035077895,0.00042426868,0.00015835067,0.00046775627,0.0010025413,0.0008888759,0.0005239209,0.0006985186,0.0003465271,0.00067182805,0.00051425927,0.00032892262,0.00053019,0.0007240019,0.0005008783,0.00055337755,0.0006124898,0.0002012555,0.00040351195,0.00032285703,0.0016954608,0.00025380804,0.00014300487,0.0013711852,0.00029914512,0.000876754,0.00037921913,0.0008743782,0.0002609857,0.00046366657,0.0039280234,0.0014449588,0.0026261602,0.0013361346,0.00034009264,0.0031385196,0.0005129581,0.00033647666,0.00023010038,0.0001808678
0.0019012995,0.00046040496,0.0007653769,0.00023531755,0.0003152846,0.00029701318,0.00038823587,0.0012819219,0.0011554508,0.0010016924,0.00048543952,0.000669035,0.0034915232,0.00036612642,0.0007084441,0.0008369568,0.00064593117,0.00068219536,0.0005285714,0.0013706813,0.0010571819,0.00048576968,0.00052370835,0.0006168607,0.0012906025,0.0010855667,0.0008262915,0.00039334258,0.0004385347,0.0009825812,0.00046141434,0.0011362879,0.000880129,0.0015043246,0.0004129209,0.0003851951,0.0007587818,0.0010595393,0.00034563584,0.00090994366,0.0011855847,0.00042162443,0.0009952484,0.0002528535,0.0009141453,0.00037079005,0.0020041515,0.00042239198,0.0011922378,0.00041340996,0.0007374724,0.0004404205,0.0005965253,0.0011563083,0.0011158801,0.00051517715,0.00086986704,0.0021052514,0.0010576247,0.0002755272,0.005279998,0.0007204409,0.00033092336,0.0008480979,0.0003579819,0.00025080793,0.00087101816,0.002470101,0.0008815528,0.0010346398,0.00085990573,0.00081104436,0.00042001563,0.0006397062,0.000640234,0.00077407446,0.00036390987,0.00042216535,0.0012201866,0.001080611,0.0006104034,0.0006800225,0.0010300098,0.00049750024,0.00030315734,0.00031602485,0.0009924227,0.0006011654,0.00089236384,0.000255715,0.0007351201,0.00043873335,0.0015240118,0.0005970315,0.0017251084,0.0010533936,0.00051826896,0.0005392763,0.00043254686,0.0004987788,0.00024113563,0.0005406098,0.0010174423,0.00093017664,0.00054478674,0.0007601005,0.00042949553,0.0007434793,0.00053323316,0.00041148008,0.0005825746,0.0007697779,0.0005138004,0.00064080936,0.0006880191,0.00030143093,0.00049261266,0.00040142037,0.001658151,0.00032925475,0.00020501393,0.0013735349,0.00039426377,0.0009063601,0.00046626283,0.0009152069,0.0003585454,0.0005355841,0.0038223804,0.0014460383,0.0025896428,0.0013448306,0.00043690953,0.003155087,0.0005798535,0.00043405354,0.0003191894,0.00030071338
